key,value,date
ÁBEL,121,2000
ÁDÁM,1254,2000
ADRIÁN,319,2000
ÁGOSTON,,2000
ÁKOS,708,2000
ALBERT,45,2000
ALEX,499,2000
ALEXANDER,81,2000
ÁLMOS,,2000
ANDOR,,2000
ANDRÁS,744,2000
ANTAL,75,2000
ARMAND,,2000
ÁRMIN,45,2000
ARNOLD,84,2000
ÁRON,340,2000
ÁRPÁD,107,2000
ATTILA,959,2000
BALÁZS,1306,2000
BÁLINT,825,2000
BARNA,66,2000
BARNABÁS,299,2000
BÉLA,131,2000
BENCE,1790,2000
BENDE,,2000
BENDEGÚZ,101,2000
BENEDEK,307,2000
BENETT,,2000
BENJAMIN,45,2000
BENJÁMIN,221,2000
BERTALAN,93,2000
BOLDIZSÁR,76,2000
BOTOND,285,2000
BRÁJEN,,2000
BRENDON,,2000
BULCSÚ,,2000
CSABA,635,2000
CSANÁD,54,2000
CSONGOR,76,2000
DÁNIEL,1833,2000
DÁVID,1793,2000
DÉNES,77,2000
DENISZ,,2000
DEZSŐ,48,2000
DOMINIK,884,2000
DOMONKOS,89,2000
DONÁT,90,2000
DORIÁN,,2000
ENDRE,,2000
ERIK,487,2000
ERNŐ,,2000
FÉLIX,,2000
FERENC,483,2000
FLÓRIÁN,52,2000
GÁBOR,1001,2000
GELLÉRT,,2000
GERGELY,464,2000
GERGŐ,1029,2000
GÉZA,66,2000
GYÖRGY,223,2000
GYULA,208,2000
HENRIK,69,2000
HUBA,,2000
HUNOR,,2000
IMRE,257,2000
ISTVÁN,934,2000
IVÁN,,2000
JÁNOS,645,2000
JENŐ,,2000
JÓZSEF,702,2000
KÁLMÁN,59,2000
KÁROLY,170,2000
KENDE,,2000
KEVIN,254,2000
KOLOS,,2000
KOPPÁNY,,2000
KORNÉL,199,2000
KRISTÓF,729,2000
KRISZTIÁN,977,2000
KRISZTOFER,244,2000
LAJOS,180,2000
LÁSZLÓ,1128,2000
LEVENTE,741,2000
LÓRÁNT,,2000
LŐRINC,,2000
MARCELL,556,2000
MÁRIÓ,81,2000
MÁRK,1227,2000
MÁRKÓ,93,2000
MARTIN,961,2000
MÁRTON,496,2000
MÁTÉ,1471,2000
MÁTYÁS,229,2000
MIHÁLY,231,2000
MIKLÓS,208,2000
MILÁN,406,2000
NÁNDOR,117,2000
NIKOLASZ,,2000
NIMRÓD,,2000
NOEL,60,2000
NOLEN,,2000
NORBERT,781,2000
OLIVÉR,233,2000
PÁL,110,2000
PATRIK,1050,2000
PÉTER,1324,2000
RAJMUND,61,2000
RENÁTÓ,111,2000
RICHÁRD,832,2000
RIKÁRDÓ,,2000
RÓBERT,590,2000
ROLAND,810,2000
RÓMEÓ,,2000
RUDOLF,47,2000
SÁMUEL,,2000
SÁNDOR,610,2000
SEBESTYÉN,,2000
SIMON,,2000
SOMA,119,2000
SZABOLCS,505,2000
SZEBASZTIÁN,,2000
SZILÁRD,102,2000
SZILVESZTER,82,2000
TAMÁS,1376,2000
TIBOR,408,2000
VALENTIN,57,2000
VENCEL,,2000
VIKTOR,467,2000
VILMOS,61,2000
VINCE,50,2000
ZALÁN,117,2000
ZÉNÓ,,2000
ZENTE,,2000
ZÉTÉNY,,2000
ZOLTÁN,1111,2000
ZSIGMOND,,2000
ZSOLT,869,2000
ZSOMBOR,254,2000
ÁBEL,107,2001
ÁDÁM,1240,2001
ADRIÁN,495,2001
ÁGOSTON,,2001
ÁKOS,608,2001
ALBERT,,2001
ALEX,394,2001
ALEXANDER,72,2001
ÁLMOS,,2001
ANDOR,,2001
ANDRÁS,789,2001
ANTAL,79,2001
ARMAND,,2001
ÁRMIN,72,2001
ARNOLD,51,2001
ÁRON,343,2001
ÁRPÁD,98,2001
ATTILA,920,2001
BALÁZS,1254,2001
BÁLINT,1069,2001
BARNA,70,2001
BARNABÁS,384,2001
BÉLA,142,2001
BENCE,1891,2001
BENDE,,2001
BENDEGÚZ,110,2001
BENEDEK,345,2001
BENETT,,2001
BENJAMIN,59,2001
BENJÁMIN,247,2001
BERTALAN,66,2001
BOLDIZSÁR,79,2001
BOTOND,329,2001
BRÁJEN,,2001
BRENDON,,2001
BULCSÚ,,2001
CSABA,569,2001
CSANÁD,72,2001
CSONGOR,110,2001
DÁNIEL,1675,2001
DÁVID,1574,2001
DÉNES,69,2001
DENISZ,,2001
DEZSŐ,,2001
DOMINIK,817,2001
DOMONKOS,85,2001
DONÁT,96,2001
DORIÁN,,2001
ENDRE,,2001
ERIK,446,2001
ERNŐ,49,2001
FÉLIX,,2001
FERENC,487,2001
FLÓRIÁN,44,2001
GÁBOR,948,2001
GELLÉRT,,2001
GERGELY,428,2001
GERGŐ,1074,2001
GÉZA,50,2001
GYÖRGY,196,2001
GYULA,179,2001
HENRIK,69,2001
HUBA,,2001
HUNOR,50,2001
IMRE,275,2001
ISTVÁN,869,2001
IVÁN,,2001
JÁNOS,645,2001
JENŐ,46,2001
JÓZSEF,659,2001
KÁLMÁN,,2001
KÁROLY,172,2001
KENDE,,2001
KEVIN,302,2001
KOLOS,,2001
KOPPÁNY,,2001
KORNÉL,173,2001
KRISTÓF,835,2001
KRISZTIÁN,1018,2001
KRISZTOFER,250,2001
LAJOS,179,2001
LÁSZLÓ,1100,2001
LEVENTE,864,2001
LÓRÁNT,,2001
LŐRINC,,2001
MARCELL,576,2001
MÁRIÓ,78,2001
MÁRK,1220,2001
MÁRKÓ,121,2001
MARTIN,890,2001
MÁRTON,492,2001
MÁTÉ,1453,2001
MÁTYÁS,256,2001
MIHÁLY,212,2001
MIKLÓS,217,2001
MILÁN,474,2001
NÁNDOR,118,2001
NIKOLASZ,,2001
NIMRÓD,,2001
NOEL,54,2001
NOLEN,,2001
NORBERT,750,2001
OLIVÉR,254,2001
PÁL,102,2001
PATRIK,968,2001
PÉTER,1282,2001
RAJMUND,,2001
RENÁTÓ,100,2001
RICHÁRD,831,2001
RIKÁRDÓ,,2001
RÓBERT,499,2001
ROLAND,704,2001
RÓMEÓ,,2001
RUDOLF,,2001
SÁMUEL,,2001
SÁNDOR,611,2001
SEBESTYÉN,,2001
SIMON,56,2001
SOMA,117,2001
SZABOLCS,511,2001
SZEBASZTIÁN,201,2001
SZILÁRD,145,2001
SZILVESZTER,84,2001
TAMÁS,1409,2001
TIBOR,355,2001
VALENTIN,56,2001
VENCEL,,2001
VIKTOR,381,2001
VILMOS,81,2001
VINCE,62,2001
ZALÁN,140,2001
ZÉNÓ,,2001
ZENTE,,2001
ZÉTÉNY,,2001
ZOLTÁN,1075,2001
ZSIGMOND,,2001
ZSOLT,794,2001
ZSOMBOR,322,2001
ÁBEL,137,2002
ÁDÁM,1237,2002
ADRIÁN,403,2002
ÁGOSTON,,2002
ÁKOS,635,2002
ALBERT,,2002
ALEX,384,2002
ALEXANDER,75,2002
ÁLMOS,,2002
ANDOR,55,2002
ANDRÁS,668,2002
ANTAL,68,2002
ARMAND,62,2002
ÁRMIN,79,2002
ARNOLD,74,2002
ÁRON,376,2002
ÁRPÁD,97,2002
ATTILA,880,2002
BALÁZS,1272,2002
BÁLINT,1047,2002
BARNA,80,2002
BARNABÁS,425,2002
BÉLA,135,2002
BENCE,1869,2002
BENDE,,2002
BENDEGÚZ,142,2002
BENEDEK,353,2002
BENETT,,2002
BENJAMIN,,2002
BENJÁMIN,229,2002
BERTALAN,71,2002
BOLDIZSÁR,104,2002
BOTOND,419,2002
BRÁJEN,,2002
BRENDON,,2002
BULCSÚ,,2002
CSABA,579,2002
CSANÁD,77,2002
CSONGOR,114,2002
DÁNIEL,1678,2002
DÁVID,1513,2002
DÉNES,98,2002
DENISZ,,2002
DEZSŐ,,2002
DOMINIK,876,2002
DOMONKOS,109,2002
DONÁT,93,2002
DORIÁN,,2002
ENDRE,,2002
ERIK,424,2002
ERNŐ,,2002
FÉLIX,,2002
FERENC,432,2002
FLÓRIÁN,,2002
GÁBOR,827,2002
GELLÉRT,54,2002
GERGELY,444,2002
GERGŐ,1100,2002
GÉZA,,2002
GYÖRGY,201,2002
GYULA,155,2002
HENRIK,68,2002
HUBA,,2002
HUNOR,89,2002
IMRE,272,2002
ISTVÁN,805,2002
IVÁN,,2002
JÁNOS,578,2002
JENŐ,,2002
JÓZSEF,622,2002
KÁLMÁN,,2002
KÁROLY,132,2002
KENDE,,2002
KEVIN,347,2002
KOLOS,,2002
KOPPÁNY,,2002
KORNÉL,192,2002
KRISTÓF,936,2002
KRISZTIÁN,920,2002
KRISZTOFER,231,2002
LAJOS,197,2002
LÁSZLÓ,1067,2002
LEVENTE,906,2002
LÓRÁNT,98,2002
LŐRINC,,2002
MARCELL,523,2002
MÁRIÓ,144,2002
MÁRK,1125,2002
MÁRKÓ,134,2002
MARTIN,871,2002
MÁRTON,528,2002
MÁTÉ,1497,2002
MÁTYÁS,248,2002
MIHÁLY,250,2002
MIKLÓS,203,2002
MILÁN,513,2002
NÁNDOR,131,2002
NIKOLASZ,,2002
NIMRÓD,,2002
NOEL,76,2002
NOLEN,,2002
NORBERT,636,2002
OLIVÉR,292,2002
PÁL,93,2002
PATRIK,913,2002
PÉTER,1189,2002
RAJMUND,71,2002
RENÁTÓ,133,2002
RICHÁRD,697,2002
RIKÁRDÓ,,2002
RÓBERT,491,2002
ROLAND,689,2002
RÓMEÓ,,2002
RUDOLF,,2002
SÁMUEL,,2002
SÁNDOR,526,2002
SEBESTYÉN,,2002
SIMON,62,2002
SOMA,127,2002
SZABOLCS,653,2002
SZEBASZTIÁN,142,2002
SZILÁRD,137,2002
SZILVESZTER,82,2002
TAMÁS,1314,2002
TIBOR,359,2002
VALENTIN,58,2002
VENCEL,,2002
VIKTOR,292,2002
VILMOS,81,2002
VINCE,55,2002
ZALÁN,228,2002
ZÉNÓ,,2002
ZENTE,,2002
ZOLTÁN,999,2002
ZSIGMOND,,2002
ZSOLT,774,2002
ZSOMBOR,413,2002
ZÉTÉNY,,2002
ÁBEL,138,2003
ÁDÁM,1065,2003
ADRIÁN,276,2003
ÁGOSTON,64,2003
ÁKOS,555,2003
ALBERT,,2003
ALEX,381,2003
ALEXANDER,91,2003
ÁLMOS,,2003
ANDOR,60,2003
ANDRÁS,705,2003
ANTAL,84,2003
ARMAND,80,2003
ÁRMIN,86,2003
ARNOLD,68,2003
ÁRON,347,2003
ÁRPÁD,84,2003
ATTILA,861,2003
BALÁZS,1191,2003
BÁLINT,1286,2003
BARNA,58,2003
BARNABÁS,482,2003
BÉLA,114,2003
BENCE,1843,2003
BENDE,,2003
BENDEGÚZ,135,2003
BENEDEK,375,2003
BENETT,,2003
BENJAMIN,,2003
BENJÁMIN,266,2003
BERTALAN,77,2003
BOLDIZSÁR,87,2003
BOTOND,440,2003
BRÁJEN,,2003
BRENDON,,2003
BULCSÚ,,2003
CSABA,508,2003
CSANÁD,73,2003
CSONGOR,130,2003
DÁNIEL,1449,2003
DÁVID,1456,2003
DÉNES,68,2003
DENISZ,,2003
DEZSŐ,,2003
DOMINIK,1002,2003
DOMONKOS,117,2003
DONÁT,101,2003
DORIÁN,,2003
ENDRE,62,2003
ERIK,397,2003
ERNŐ,,2003
FÉLIX,,2003
FERENC,417,2003
FLÓRIÁN,,2003
GÁBOR,837,2003
GELLÉRT,,2003
GERGELY,444,2003
GERGŐ,1038,2003
GÉZA,59,2003
GYÖRGY,187,2003
GYULA,163,2003
HENRIK,,2003
HUBA,,2003
HUNOR,65,2003
IMRE,211,2003
ISTVÁN,784,2003
IVÁN,,2003
JÁNOS,566,2003
JENŐ,,2003
JÓZSEF,572,2003
KÁLMÁN,,2003
KÁROLY,161,2003
KENDE,,2003
KEVIN,411,2003
KOLOS,,2003
KOPPÁNY,58,2003
KORNÉL,197,2003
KRISTÓF,871,2003
KRISZTIÁN,778,2003
KRISZTOFER,234,2003
LAJOS,160,2003
LÁSZLÓ,990,2003
LEVENTE,1103,2003
LÓRÁNT,81,2003
LŐRINC,,2003
MARCELL,513,2003
MÁRIÓ,105,2003
MÁRK,1017,2003
MÁRKÓ,101,2003
MARTIN,747,2003
MÁRTON,504,2003
MÁTÉ,1574,2003
MÁTYÁS,258,2003
MIHÁLY,208,2003
MIKLÓS,168,2003
MILÁN,523,2003
NÁNDOR,110,2003
NIKOLASZ,,2003
NIMRÓD,,2003
NOEL,101,2003
NOLEN,,2003
NORBERT,540,2003
OLIVÉR,300,2003
PÁL,110,2003
PATRIK,849,2003
PÉTER,1319,2003
RAJMUND,74,2003
RENÁTÓ,191,2003
RICHÁRD,605,2003
RIKÁRDÓ,,2003
RÓBERT,443,2003
ROLAND,628,2003
RÓMEÓ,,2003
RUDOLF,,2003
SÁMUEL,,2003
SÁNDOR,464,2003
SEBESTYÉN,,2003
SIMON,,2003
SOMA,112,2003
SZABOLCS,889,2003
SZEBASZTIÁN,120,2003
SZILÁRD,130,2003
SZILVESZTER,88,2003
TAMÁS,1231,2003
TIBOR,353,2003
VALENTIN,,2003
VENCEL,,2003
VIKTOR,312,2003
VILMOS,71,2003
VINCE,81,2003
ZALÁN,236,2003
ZÉNÓ,,2003
ZENTE,,2003
ZÉTÉNY,,2003
ZOLTÁN,1005,2003
ZSIGMOND,,2003
ZSOLT,711,2003
ZSOMBOR,396,2003
ÁBEL,156,2004
ÁDÁM,1176,2004
ADRIÁN,271,2004
ÁGOSTON,66,2004
ÁKOS,613,2004
ALBERT,,2004
ALEX,340,2004
ALEXANDER,88,2004
ÁLMOS,,2004
ANDOR,,2004
ANDRÁS,695,2004
ANTAL,58,2004
ARMAND,60,2004
ÁRMIN,85,2004
ARNOLD,59,2004
ÁRON,429,2004
ÁRPÁD,89,2004
ATTILA,833,2004
BALÁZS,1409,2004
BÁLINT,1137,2004
BARNA,79,2004
BARNABÁS,584,2004
BÉLA,115,2004
BENCE,1889,2004
BENDE,,2004
BENDEGÚZ,181,2004
BENEDEK,412,2004
BENETT,,2004
BENJAMIN,,2004
BENJÁMIN,313,2004
BERTALAN,78,2004
BOLDIZSÁR,131,2004
BOTOND,483,2004
BRÁJEN,,2004
BRENDON,74,2004
BULCSÚ,,2004
CSABA,465,2004
CSANÁD,64,2004
CSONGOR,112,2004
DÁNIEL,1325,2004
DÁVID,1390,2004
DÉNES,63,2004
DENISZ,,2004
DEZSŐ,,2004
DOMINIK,946,2004
DOMONKOS,116,2004
DONÁT,87,2004
DORIÁN,,2004
ENDRE,,2004
ERIK,346,2004
ERNŐ,,2004
FÉLIX,,2004
FERENC,415,2004
FLÓRIÁN,61,2004
GÁBOR,836,2004
GELLÉRT,,2004
GERGELY,419,2004
GERGŐ,1162,2004
GÉZA,,2004
GYÖRGY,189,2004
GYULA,131,2004
HENRIK,,2004
HUBA,,2004
HUNOR,116,2004
IMRE,219,2004
ISTVÁN,732,2004
IVÁN,,2004
JÁNOS,548,2004
JENŐ,,2004
JÓZSEF,534,2004
KÁLMÁN,,2004
KÁROLY,137,2004
KENDE,,2004
KEVIN,387,2004
KOLOS,,2004
KOPPÁNY,68,2004
KORNÉL,195,2004
KRISTÓF,826,2004
KRISZTIÁN,726,2004
KRISZTOFER,238,2004
LAJOS,159,2004
LÁSZLÓ,926,2004
LEVENTE,1264,2004
LÓRÁNT,71,2004
LŐRINC,,2004
MARCELL,668,2004
MÁRIÓ,85,2004
MÁRK,1040,2004
MÁRKÓ,119,2004
MARTIN,784,2004
MÁRTON,582,2004
MÁTÉ,1571,2004
MÁTYÁS,251,2004
MIHÁLY,197,2004
MIKLÓS,200,2004
MILÁN,692,2004
NÁNDOR,176,2004
NIKOLASZ,,2004
NIMRÓD,,2004
NOEL,153,2004
NOLEN,,2004
NORBERT,497,2004
OLIVÉR,377,2004
PÁL,97,2004
PATRIK,796,2004
PÉTER,1168,2004
RAJMUND,,2004
RENÁTÓ,96,2004
RICHÁRD,575,2004
RIKÁRDÓ,,2004
RÓBERT,425,2004
ROLAND,641,2004
RÓMEÓ,,2004
RUDOLF,,2004
SÁMUEL,,2004
SÁNDOR,458,2004
SEBESTYÉN,,2004
SIMON,66,2004
SOMA,121,2004
SZABOLCS,635,2004
SZEBASZTIÁN,99,2004
SZILÁRD,145,2004
SZILVESZTER,55,2004
TAMÁS,1193,2004
TIBOR,320,2004
VALENTIN,,2004
VENCEL,,2004
VIKTOR,285,2004
VILMOS,78,2004
VINCE,98,2004
ZALÁN,302,2004
ZÉNÓ,,2004
ZENTE,,2004
ZÉTÉNY,112,2004
ZOLTÁN,950,2004
ZSIGMOND,,2004
ZSOLT,692,2004
ZSOMBOR,452,2004
ÁBEL,202,2005
ÁDÁM,1277,2005
ADRIÁN,255,2005
ÁGOSTON,,2005
ÁKOS,783,2005
ALBERT,,2005
ALEX,324,2005
ALEXANDER,79,2005
ÁLMOS,,2005
ANDOR,63,2005
ANDRÁS,738,2005
ANTAL,66,2005
ARMAND,,2005
ÁRMIN,99,2005
ARNOLD,,2005
ÁRON,458,2005
ÁRPÁD,105,2005
ATTILA,794,2005
BALÁZS,1272,2005
BÁLINT,1065,2005
BARNA,87,2005
BARNABÁS,642,2005
BÉLA,97,2005
BENCE,1844,2005
BENDE,,2005
BENDEGÚZ,198,2005
BENEDEK,535,2005
BENETT,,2005
BENJAMIN,63,2005
BENJÁMIN,336,2005
BERTALAN,72,2005
BOLDIZSÁR,115,2005
BOTOND,557,2005
BRÁJEN,,2005
BRENDON,97,2005
BULCSÚ,,2005
CSABA,504,2005
CSANÁD,111,2005
CSONGOR,196,2005
DÁNIEL,1453,2005
DÁVID,1447,2005
DÉNES,75,2005
DENISZ,,2005
DEZSŐ,,2005
DOMINIK,918,2005
DOMONKOS,109,2005
DONÁT,98,2005
DORIÁN,,2005
ENDRE,,2005
ERIK,394,2005
ERNŐ,,2005
FÉLIX,,2005
FERENC,394,2005
FLÓRIÁN,66,2005
GÁBOR,754,2005
GELLÉRT,67,2005
GERGELY,392,2005
GERGŐ,1076,2005
GÉZA,,2005
GYÖRGY,174,2005
GYULA,137,2005
HENRIK,,2005
HUBA,,2005
HUNOR,143,2005
IMRE,193,2005
ISTVÁN,621,2005
IVÁN,,2005
JÁNOS,507,2005
JENŐ,,2005
JÓZSEF,516,2005
KÁLMÁN,,2005
KÁROLY,124,2005
KENDE,64,2005
KEVIN,431,2005
KOLOS,,2005
KOPPÁNY,,2005
KORNÉL,218,2005
KRISTÓF,829,2005
KRISZTIÁN,713,2005
KRISZTOFER,247,2005
LAJOS,153,2005
LÁSZLÓ,983,2005
LEVENTE,1501,2005
LÓRÁNT,77,2005
LŐRINC,,2005
MARCELL,898,2005
MÁRIÓ,79,2005
MÁRK,1121,2005
MÁRKÓ,124,2005
MARTIN,680,2005
MÁRTON,648,2005
MÁTÉ,1663,2005
MÁTYÁS,268,2005
MIHÁLY,198,2005
MIKLÓS,197,2005
MILÁN,916,2005
NÁNDOR,173,2005
NIKOLASZ,,2005
NIMRÓD,,2005
NOEL,174,2005
NOLEN,,2005
NORBERT,408,2005
OLIVÉR,383,2005
PÁL,89,2005
PATRIK,693,2005
PÉTER,1103,2005
RAJMUND,64,2005
RENÁTÓ,105,2005
RICHÁRD,526,2005
RIKÁRDÓ,,2005
RÓBERT,399,2005
ROLAND,602,2005
RÓMEÓ,,2005
RUDOLF,,2005
SÁMUEL,,2005
SÁNDOR,436,2005
SEBESTYÉN,,2005
SIMON,79,2005
SOMA,85,2005
SZABOLCS,638,2005
SZEBASZTIÁN,112,2005
SZILÁRD,160,2005
SZILVESZTER,,2005
TAMÁS,1152,2005
TIBOR,331,2005
VALENTIN,,2005
VENCEL,,2005
VIKTOR,299,2005
VILMOS,70,2005
VINCE,128,2005
ZALÁN,338,2005
ZÉNÓ,,2005
ZENTE,,2005
ZÉTÉNY,140,2005
ZOLTÁN,896,2005
ZSIGMOND,,2005
ZSOLT,600,2005
ZSOMBOR,575,2005
ÁBEL,210,2006
ÁDÁM,1359,2006
ADRIÁN,234,2006
ÁGOSTON,76,2006
ÁKOS,698,2006
ALBERT,,2006
ALEX,324,2006
ALEXANDER,73,2006
ÁLMOS,68,2006
ANDOR,72,2006
ANDRÁS,725,2006
ANTAL,66,2006
ARMAND,,2006
ÁRMIN,103,2006
ARNOLD,75,2006
ÁRON,503,2006
ÁRPÁD,97,2006
ATTILA,784,2006
BALÁZS,1347,2006
BÁLINT,1149,2006
BARNA,105,2006
BARNABÁS,626,2006
BÉLA,114,2006
BENCE,1795,2006
BENDE,,2006
BENDEGÚZ,244,2006
BENEDEK,498,2006
BENETT,,2006
BENJAMIN,87,2006
BENJÁMIN,305,2006
BERTALAN,110,2006
BOLDIZSÁR,136,2006
BOTOND,618,2006
BRÁJEN,,2006
BRENDON,73,2006
BULCSÚ,,2006
CSABA,528,2006
CSANÁD,87,2006
CSONGOR,208,2006
DÁNIEL,1343,2006
DÁVID,1396,2006
DÉNES,71,2006
DENISZ,,2006
DEZSŐ,,2006
DOMINIK,1002,2006
DOMONKOS,131,2006
DONÁT,108,2006
DORIÁN,,2006
ENDRE,,2006
ERIK,377,2006
ERNŐ,,2006
FÉLIX,,2006
FERENC,388,2006
FLÓRIÁN,,2006
GÁBOR,751,2006
GELLÉRT,,2006
GERGELY,371,2006
GERGŐ,1102,2006
GÉZA,,2006
GYÖRGY,176,2006
GYULA,146,2006
HENRIK,,2006
HUBA,,2006
HUNOR,161,2006
IMRE,190,2006
ISTVÁN,664,2006
IVÁN,,2006
JÁNOS,483,2006
JENŐ,,2006
JÓZSEF,455,2006
KÁLMÁN,,2006
KÁROLY,136,2006
KENDE,,2006
KEVIN,447,2006
KOLOS,,2006
KOPPÁNY,88,2006
KORNÉL,218,2006
KRISTÓF,870,2006
KRISZTIÁN,675,2006
KRISZTOFER,195,2006
LAJOS,167,2006
LÁSZLÓ,819,2006
LEVENTE,1542,2006
LÓRÁNT,,2006
LŐRINC,,2006
MARCELL,848,2006
MÁRIÓ,,2006
MÁRK,1105,2006
MÁRKÓ,112,2006
MARTIN,723,2006
MÁRTON,577,2006
MÁTÉ,1685,2006
MÁTYÁS,286,2006
MIHÁLY,226,2006
MIKLÓS,216,2006
MILÁN,810,2006
NÁNDOR,176,2006
NIKOLASZ,,2006
NIMRÓD,83,2006
NOEL,204,2006
NOLEN,,2006
NORBERT,446,2006
OLIVÉR,386,2006
PÁL,,2006
PATRIK,693,2006
PÉTER,1135,2006
RAJMUND,82,2006
RENÁTÓ,98,2006
RICHÁRD,525,2006
RIKÁRDÓ,,2006
RÓBERT,434,2006
ROLAND,643,2006
RÓMEÓ,,2006
RUDOLF,,2006
SÁMUEL,73,2006
SÁNDOR,436,2006
SEBESTYÉN,,2006
SIMON,75,2006
SOMA,122,2006
SZABOLCS,601,2006
SZEBASZTIÁN,108,2006
SZILÁRD,144,2006
SZILVESZTER,,2006
TAMÁS,1173,2006
TIBOR,326,2006
VALENTIN,,2006
VENCEL,,2006
VIKTOR,310,2006
VILMOS,83,2006
VINCE,127,2006
ZALÁN,399,2006
ZÉNÓ,,2006
ZENTE,,2006
ZÉTÉNY,159,2006
ZOLTÁN,801,2006
ZSIGMOND,,2006
ZSOLT,632,2006
ZSOMBOR,815,2006
ÁBEL,233,2007
ÁDÁM,1237,2007
ADRIÁN,185,2007
ÁGOSTON,83,2007
ÁKOS,701,2007
ALBERT,,2007
ALEX,325,2007
ALEXANDER,76,2007
ÁLMOS,85,2007
ANDOR,81,2007
ANDRÁS,728,2007
ANTAL,,2007
ARMAND,,2007
ÁRMIN,132,2007
ARNOLD,,2007
ÁRON,616,2007
ÁRPÁD,111,2007
ATTILA,688,2007
BALÁZS,1304,2007
BÁLINT,1102,2007
BARNA,99,2007
BARNABÁS,670,2007
BÉLA,99,2007
BENCE,1705,2007
BENDE,,2007
BENDEGÚZ,254,2007
BENEDEK,446,2007
BENETT,,2007
BENJAMIN,70,2007
BENJÁMIN,287,2007
BERTALAN,94,2007
BOLDIZSÁR,142,2007
BOTOND,780,2007
BRÁJEN,,2007
BRENDON,96,2007
BULCSÚ,,2007
CSABA,521,2007
CSANÁD,278,2007
CSONGOR,215,2007
DÁNIEL,1244,2007
DÁVID,1316,2007
DÉNES,73,2007
DENISZ,,2007
DEZSŐ,,2007
DOMINIK,890,2007
DOMONKOS,108,2007
DONÁT,96,2007
DORIÁN,,2007
ENDRE,,2007
ERIK,367,2007
ERNŐ,,2007
FÉLIX,,2007
FERENC,341,2007
FLÓRIÁN,,2007
GÁBOR,692,2007
GELLÉRT,,2007
GERGELY,393,2007
GERGŐ,1022,2007
GÉZA,,2007
GYÖRGY,159,2007
GYULA,124,2007
HENRIK,,2007
HUBA,,2007
HUNOR,197,2007
IMRE,212,2007
ISTVÁN,614,2007
IVÁN,,2007
JÁNOS,479,2007
JENŐ,,2007
JÓZSEF,470,2007
KÁLMÁN,,2007
KÁROLY,117,2007
KENDE,80,2007
KEVIN,515,2007
KOLOS,,2007
KOPPÁNY,70,2007
KORNÉL,247,2007
KRISTÓF,843,2007
KRISZTIÁN,664,2007
KRISZTOFER,202,2007
LAJOS,127,2007
LÁSZLÓ,823,2007
LEVENTE,1355,2007
LÓRÁNT,,2007
LŐRINC,,2007
MARCELL,818,2007
MÁRIÓ,,2007
MÁRK,954,2007
MÁRKÓ,108,2007
MARTIN,685,2007
MÁRTON,555,2007
MÁTÉ,1552,2007
MÁTYÁS,276,2007
MIHÁLY,214,2007
MIKLÓS,189,2007
MILÁN,969,2007
NÁNDOR,186,2007
NIKOLASZ,77,2007
NIMRÓD,75,2007
NOEL,237,2007
NOLEN,,2007
NORBERT,319,2007
OLIVÉR,423,2007
PÁL,82,2007
PATRIK,649,2007
PÉTER,1132,2007
RAJMUND,,2007
RENÁTÓ,77,2007
RICHÁRD,504,2007
RIKÁRDÓ,84,2007
RÓBERT,373,2007
ROLAND,637,2007
RÓMEÓ,,2007
RUDOLF,,2007
SÁMUEL,,2007
SÁNDOR,402,2007
SEBESTYÉN,,2007
SIMON,82,2007
SOMA,109,2007
SZABOLCS,523,2007
SZEBASZTIÁN,105,2007
SZILÁRD,126,2007
SZILVESZTER,,2007
TAMÁS,1073,2007
TIBOR,294,2007
VALENTIN,,2007
VENCEL,,2007
VIKTOR,310,2007
VILMOS,133,2007
VINCE,117,2007
ZALÁN,501,2007
ZÉNÓ,,2007
ZENTE,,2007
ZÉTÉNY,191,2007
ZOLTÁN,784,2007
ZSIGMOND,,2007
ZSOLT,548,2007
ZSOMBOR,965,2007
ÁBEL,258,2008
ÁDÁM,1193,2008
ADRIÁN,190,2008
ÁGOSTON,86,2008
ÁKOS,668,2008
ALBERT,,2008
ALEX,390,2008
ALEXANDER,76,2008
ÁLMOS,81,2008
ANDOR,,2008
ANDRÁS,714,2008
ANTAL,,2008
ARMAND,,2008
ÁRMIN,132,2008
ARNOLD,,2008
ÁRON,692,2008
ÁRPÁD,76,2008
ATTILA,734,2008
BALÁZS,1276,2008
BÁLINT,937,2008
BARNA,105,2008
BARNABÁS,659,2008
BÉLA,104,2008
BENCE,1659,2008
BENDE,,2008
BENDEGÚZ,236,2008
BENEDEK,506,2008
BENETT,,2008
BENJAMIN,84,2008
BENJÁMIN,280,2008
BERTALAN,107,2008
BOLDIZSÁR,147,2008
BOTOND,955,2008
BRÁJEN,,2008
BRENDON,110,2008
BULCSÚ,,2008
CSABA,445,2008
CSANÁD,195,2008
CSONGOR,203,2008
DÁNIEL,1294,2008
DÁVID,1203,2008
DÉNES,83,2008
DENISZ,,2008
DEZSŐ,,2008
DOMINIK,985,2008
DOMONKOS,133,2008
DONÁT,99,2008
DORIÁN,,2008
ENDRE,,2008
ERIK,360,2008
ERNŐ,,2008
FÉLIX,,2008
FERENC,352,2008
FLÓRIÁN,,2008
GÁBOR,660,2008
GELLÉRT,78,2008
GERGELY,363,2008
GERGŐ,1062,2008
GÉZA,,2008
GYÖRGY,170,2008
GYULA,137,2008
HENRIK,,2008
HUBA,,2008
HUNOR,231,2008
IMRE,186,2008
ISTVÁN,608,2008
IVÁN,,2008
JÁNOS,479,2008
JENŐ,,2008
JÓZSEF,423,2008
KÁLMÁN,,2008
KÁROLY,122,2008
KENDE,83,2008
KEVIN,531,2008
KOLOS,,2008
KOPPÁNY,88,2008
KORNÉL,249,2008
KRISTÓF,986,2008
KRISZTIÁN,648,2008
KRISZTOFER,167,2008
LAJOS,111,2008
LÁSZLÓ,839,2008
LEVENTE,1374,2008
LÓRÁNT,,2008
LŐRINC,90,2008
MARCELL,721,2008
MÁRIÓ,,2008
MÁRK,1001,2008
MÁRKÓ,125,2008
MARTIN,579,2008
MÁRTON,545,2008
MÁTÉ,1483,2008
MÁTYÁS,271,2008
MIHÁLY,230,2008
MIKLÓS,175,2008
MILÁN,1093,2008
NÁNDOR,208,2008
NIKOLASZ,,2008
NIMRÓD,179,2008
NOEL,346,2008
NOLEN,,2008
NORBERT,370,2008
OLIVÉR,443,2008
PÁL,78,2008
PATRIK,661,2008
PÉTER,1098,2008
RAJMUND,,2008
RENÁTÓ,91,2008
RICHÁRD,471,2008
RIKÁRDÓ,122,2008
RÓBERT,392,2008
ROLAND,626,2008
RÓMEÓ,,2008
RUDOLF,,2008
SÁMUEL,,2008
SÁNDOR,429,2008
SEBESTYÉN,,2008
SIMON,89,2008
SOMA,102,2008
SZABOLCS,482,2008
SZEBASZTIÁN,83,2008
SZILÁRD,137,2008
SZILVESZTER,,2008
TAMÁS,1008,2008
TIBOR,296,2008
VALENTIN,,2008
VENCEL,,2008
VIKTOR,348,2008
VILMOS,129,2008
VINCE,154,2008
ZALÁN,563,2008
ZÉNÓ,,2008
ZENTE,,2008
ZÉTÉNY,243,2008
ZOLTÁN,755,2008
ZSIGMOND,,2008
ZSOLT,552,2008
ZSOMBOR,872,2008
ÁBEL,251,2009
ÁDÁM,1115,2009
ADRIÁN,207,2009
ÁGOSTON,,2009
ÁKOS,668,2009
ALBERT,,2009
ALEX,374,2009
ALEXANDER,,2009
ÁLMOS,,2009
ANDOR,,2009
ANDRÁS,656,2009
ANTAL,,2009
ARMAND,,2009
ÁRMIN,191,2009
ARNOLD,,2009
ÁRON,869,2009
ÁRPÁD,80,2009
ATTILA,701,2009
BALÁZS,1173,2009
BÁLINT,901,2009
BARNA,85,2009
BARNABÁS,614,2009
BÉLA,87,2009
BENCE,1658,2009
BENDE,,2009
BENDEGÚZ,250,2009
BENEDEK,539,2009
BENETT,,2009
BENJAMIN,83,2009
BENJÁMIN,321,2009
BERTALAN,97,2009
BOLDIZSÁR,151,2009
BOTOND,862,2009
BRÁJEN,,2009
BRENDON,107,2009
BULCSÚ,,2009
CSABA,415,2009
CSANÁD,203,2009
CSONGOR,175,2009
DÁNIEL,1149,2009
DÁVID,1228,2009
DÉNES,83,2009
DENISZ,,2009
DEZSŐ,,2009
DOMINIK,952,2009
DOMONKOS,107,2009
DONÁT,94,2009
DORIÁN,92,2009
ENDRE,,2009
ERIK,311,2009
ERNŐ,,2009
FÉLIX,,2009
FERENC,328,2009
FLÓRIÁN,78,2009
GÁBOR,609,2009
GELLÉRT,,2009
GERGELY,374,2009
GERGŐ,956,2009
GÉZA,,2009
GYÖRGY,122,2009
GYULA,120,2009
HENRIK,,2009
HUBA,,2009
HUNOR,335,2009
IMRE,161,2009
ISTVÁN,559,2009
IVÁN,,2009
JÁNOS,438,2009
JENŐ,,2009
JÓZSEF,406,2009
KÁLMÁN,,2009
KÁROLY,131,2009
KENDE,89,2009
KEVIN,482,2009
KOLOS,,2009
KOPPÁNY,89,2009
KORNÉL,251,2009
KRISTÓF,726,2009
KRISZTIÁN,602,2009
KRISZTOFER,176,2009
LAJOS,132,2009
LÁSZLÓ,773,2009
LEVENTE,1425,2009
LÓRÁNT,82,2009
LŐRINC,86,2009
MARCELL,683,2009
MÁRIÓ,,2009
MÁRK,814,2009
MÁRKÓ,88,2009
MARTIN,482,2009
MÁRTON,509,2009
MÁTÉ,1576,2009
MÁTYÁS,296,2009
MIHÁLY,215,2009
MIKLÓS,215,2009
MILÁN,1080,2009
NÁNDOR,177,2009
NIKOLASZ,,2009
NIMRÓD,251,2009
NOEL,365,2009
NOLEN,,2009
NORBERT,351,2009
OLIVÉR,460,2009
PÁL,85,2009
PATRIK,550,2009
PÉTER,1017,2009
RAJMUND,84,2009
RENÁTÓ,,2009
RICHÁRD,406,2009
RIKÁRDÓ,161,2009
RÓBERT,368,2009
ROLAND,584,2009
RÓMEÓ,83,2009
RUDOLF,,2009
SÁMUEL,,2009
SÁNDOR,372,2009
SEBESTYÉN,,2009
SIMON,85,2009
SOMA,100,2009
SZABOLCS,471,2009
SZEBASZTIÁN,115,2009
SZILÁRD,143,2009
SZILVESZTER,,2009
TAMÁS,899,2009
TIBOR,272,2009
VALENTIN,,2009
VENCEL,,2009
VIKTOR,374,2009
VILMOS,128,2009
VINCE,189,2009
ZALÁN,607,2009
ZÉNÓ,,2009
ZENTE,,2009
ZÉTÉNY,281,2009
ZOLTÁN,721,2009
ZSIGMOND,,2009
ZSOLT,527,2009
ZSOMBOR,865,2009
ÁBEL,230,2010
ÁDÁM,1065,2010
ADRIÁN,174,2010
ÁGOSTON,,2010
ÁKOS,594,2010
ALBERT,,2010
ALEX,350,2010
ALEXANDER,93,2010
ÁLMOS,,2010
ANDOR,75,2010
ANDRÁS,611,2010
ANTAL,,2010
ARMAND,,2010
ÁRMIN,175,2010
ARNOLD,,2010
ÁRON,770,2010
ÁRPÁD,97,2010
ATTILA,589,2010
BALÁZS,1147,2010
BÁLINT,821,2010
BARNA,92,2010
BARNABÁS,591,2010
BÉLA,70,2010
BENCE,1801,2010
BENDE,,2010
BENDEGÚZ,261,2010
BENEDEK,512,2010
BENETT,208,2010
BENJAMIN,,2010
BENJÁMIN,284,2010
BERTALAN,92,2010
BOLDIZSÁR,171,2010
BOTOND,837,2010
BRÁJEN,,2010
BRENDON,131,2010
BULCSÚ,,2010
CSABA,385,2010
CSANÁD,213,2010
CSONGOR,220,2010
DÁNIEL,863,2010
DÁVID,1194,2010
DÉNES,77,2010
DENISZ,,2010
DEZSŐ,,2010
DOMINIK,870,2010
DOMONKOS,104,2010
DONÁT,99,2010
DORIÁN,87,2010
ENDRE,,2010
ERIK,294,2010
ERNŐ,,2010
FÉLIX,,2010
FERENC,312,2010
FLÓRIÁN,,2010
GÁBOR,510,2010
GELLÉRT,72,2010
GERGELY,345,2010
GERGŐ,866,2010
GÉZA,,2010
GYÖRGY,134,2010
GYULA,107,2010
HENRIK,,2010
HUBA,,2010
HUNOR,369,2010
IMRE,140,2010
ISTVÁN,503,2010
IVÁN,,2010
JÁNOS,378,2010
JENŐ,,2010
JÓZSEF,337,2010
KÁLMÁN,,2010
KÁROLY,103,2010
KENDE,114,2010
KEVIN,505,2010
KOLOS,,2010
KOPPÁNY,,2010
KORNÉL,234,2010
KRISTÓF,670,2010
KRISZTIÁN,532,2010
KRISZTOFER,164,2010
LAJOS,118,2010
LÁSZLÓ,686,2010
LEVENTE,1318,2010
LÓRÁNT,,2010
LŐRINC,88,2010
MARCELL,618,2010
MÁRIÓ,,2010
MÁRK,721,2010
MÁRKÓ,75,2010
MARTIN,364,2010
MÁRTON,466,2010
MÁTÉ,1473,2010
MÁTYÁS,279,2010
MIHÁLY,172,2010
MIKLÓS,152,2010
MILÁN,908,2010
NÁNDOR,184,2010
NIKOLASZ,75,2010
NIMRÓD,298,2010
NOEL,509,2010
NOLEN,,2010
NORBERT,306,2010
OLIVÉR,444,2010
PÁL,81,2010
PATRIK,499,2010
PÉTER,893,2010
RAJMUND,,2010
RENÁTÓ,,2010
RICHÁRD,341,2010
RIKÁRDÓ,180,2010
RÓBERT,318,2010
ROLAND,494,2010
RÓMEÓ,,2010
RUDOLF,,2010
SÁMUEL,73,2010
SÁNDOR,352,2010
SEBESTYÉN,,2010
SIMON,91,2010
SOMA,110,2010
SZABOLCS,437,2010
SZEBASZTIÁN,99,2010
SZILÁRD,105,2010
SZILVESZTER,,2010
TAMÁS,823,2010
TIBOR,209,2010
VALENTIN,,2010
VENCEL,,2010
VIKTOR,319,2010
VILMOS,114,2010
VINCE,215,2010
ZALÁN,581,2010
ZÉNÓ,,2010
ZENTE,,2010
ZÉTÉNY,269,2010
ZOLTÁN,641,2010
ZSIGMOND,,2010
ZSOLT,445,2010
ZSOMBOR,770,2010
ÁBEL,246,2011
ÁDÁM,1241,2011
ADRIÁN,153,2011
ÁGOSTON,,2011
ÁKOS,535,2011
ALBERT,,2011
ALEX,296,2011
ALEXANDER,83,2011
ÁLMOS,,2011
ANDOR,,2011
ANDRÁS,555,2011
ANTAL,,2011
ARMAND,,2011
ÁRMIN,172,2011
ARNOLD,,2011
ÁRON,683,2011
ÁRPÁD,,2011
ATTILA,639,2011
BALÁZS,1159,2011
BÁLINT,768,2011
BARNA,99,2011
BARNABÁS,534,2011
BÉLA,,2011
BENCE,1629,2011
BENDE,,2011
BENDEGÚZ,240,2011
BENEDEK,538,2011
BENETT,341,2011
BENJAMIN,,2011
BENJÁMIN,294,2011
BERTALAN,107,2011
BOLDIZSÁR,123,2011
BOTOND,738,2011
BRÁJEN,,2011
BRENDON,139,2011
BULCSÚ,75,2011
CSABA,358,2011
CSANÁD,161,2011
CSONGOR,195,2011
DÁNIEL,771,2011
DÁVID,1165,2011
DÉNES,,2011
DENISZ,,2011
DEZSŐ,,2011
DOMINIK,890,2011
DOMONKOS,100,2011
DONÁT,82,2011
DORIÁN,,2011
ENDRE,,2011
ERIK,279,2011
ERNŐ,,2011
FÉLIX,,2011
FERENC,293,2011
FLÓRIÁN,88,2011
GÁBOR,518,2011
GELLÉRT,81,2011
GERGELY,331,2011
GERGŐ,828,2011
GÉZA,,2011
GYÖRGY,124,2011
GYULA,121,2011
HENRIK,,2011
HUBA,,2011
HUNOR,357,2011
IMRE,136,2011
ISTVÁN,513,2011
IVÁN,,2011
JÁNOS,376,2011
JENŐ,,2011
JÓZSEF,330,2011
KÁLMÁN,,2011
KÁROLY,103,2011
KENDE,110,2011
KEVIN,409,2011
KOLOS,100,2011
KOPPÁNY,88,2011
KORNÉL,224,2011
KRISTÓF,724,2011
KRISZTIÁN,458,2011
KRISZTOFER,171,2011
LAJOS,97,2011
LÁSZLÓ,678,2011
LEVENTE,1305,2011
LÓRÁNT,80,2011
LŐRINC,77,2011
MARCELL,560,2011
MÁRIÓ,,2011
MÁRK,670,2011
MÁRKÓ,,2011
MARTIN,373,2011
MÁRTON,469,2011
MÁTÉ,1353,2011
MÁTYÁS,267,2011
MIHÁLY,208,2011
MIKLÓS,152,2011
MILÁN,826,2011
NÁNDOR,206,2011
NIKOLASZ,196,2011
NIMRÓD,306,2011
NOEL,574,2011
NOLEN,,2011
NORBERT,312,2011
OLIVÉR,505,2011
PÁL,,2011
PATRIK,454,2011
PÉTER,884,2011
RAJMUND,,2011
RENÁTÓ,,2011
RICHÁRD,356,2011
RIKÁRDÓ,186,2011
RÓBERT,306,2011
ROLAND,451,2011
RÓMEÓ,,2011
RUDOLF,,2011
SÁMUEL,74,2011
SÁNDOR,302,2011
SEBESTYÉN,80,2011
SIMON,89,2011
SOMA,120,2011
SZABOLCS,376,2011
SZEBASZTIÁN,119,2011
SZILÁRD,108,2011
SZILVESZTER,,2011
TAMÁS,783,2011
TIBOR,193,2011
VALENTIN,,2011
VENCEL,,2011
VIKTOR,279,2011
VILMOS,121,2011
VINCE,218,2011
ZALÁN,711,2011
ZÉNÓ,,2011
ZENTE,,2011
ZÉTÉNY,294,2011
ZOLTÁN,578,2011
ZSIGMOND,85,2011
ZSOLT,427,2011
ZSOMBOR,774,2011
ÁBEL,256,2012
ÁDÁM,1253,2012
ADRIÁN,147,2012
ÁGOSTON,,2012
ÁKOS,550,2012
ALBERT,,2012
ALEX,290,2012
ALEXANDER,77,2012
ÁLMOS,,2012
ANDOR,,2012
ANDRÁS,569,2012
ANTAL,,2012
ARMAND,,2012
ÁRMIN,184,2012
ARNOLD,,2012
ÁRON,775,2012
ÁRPÁD,,2012
ATTILA,629,2012
BALÁZS,1012,2012
BÁLINT,723,2012
BARNA,77,2012
BARNABÁS,571,2012
BÉLA,,2012
BENCE,1724,2012
BENDE,,2012
BENDEGÚZ,280,2012
BENEDEK,549,2012
BENETT,371,2012
BENJAMIN,138,2012
BENJÁMIN,263,2012
BERTALAN,105,2012
BOLDIZSÁR,143,2012
BOTOND,807,2012
BRÁJEN,,2012
BRENDON,180,2012
BULCSÚ,,2012
CSABA,391,2012
CSANÁD,165,2012
CSONGOR,167,2012
DÁNIEL,923,2012
DÁVID,1099,2012
DÉNES,78,2012
DENISZ,,2012
DEZSŐ,,2012
DOMINIK,962,2012
DOMONKOS,79,2012
DONÁT,87,2012
DORIÁN,77,2012
ENDRE,,2012
ERIK,258,2012
ERNŐ,,2012
FÉLIX,,2012
FERENC,274,2012
FLÓRIÁN,93,2012
GÁBOR,529,2012
GELLÉRT,90,2012
GERGELY,289,2012
GERGŐ,949,2012
GÉZA,,2012
GYÖRGY,108,2012
GYULA,118,2012
HENRIK,,2012
HUBA,75,2012
HUNOR,347,2012
IMRE,155,2012
ISTVÁN,485,2012
IVÁN,77,2012
JÁNOS,393,2012
JENŐ,,2012
JÓZSEF,354,2012
KÁLMÁN,,2012
KÁROLY,92,2012
KENDE,113,2012
KEVIN,421,2012
KOLOS,102,2012
KOPPÁNY,74,2012
KORNÉL,243,2012
KRISTÓF,650,2012
KRISZTIÁN,480,2012
KRISZTOFER,235,2012
LAJOS,98,2012
LÁSZLÓ,706,2012
LEVENTE,1380,2012
LÓRÁNT,80,2012
LŐRINC,,2012
MARCELL,660,2012
MÁRIÓ,,2012
MÁRK,684,2012
MÁRKÓ,,2012
MARTIN,386,2012
MÁRTON,479,2012
MÁTÉ,1455,2012
MÁTYÁS,286,2012
MIHÁLY,204,2012
MIKLÓS,178,2012
MILÁN,798,2012
NÁNDOR,206,2012
NIKOLASZ,178,2012
NIMRÓD,331,2012
NOEL,618,2012
NOLEN,,2012
NORBERT,302,2012
OLIVÉR,523,2012
PÁL,,2012
PATRIK,460,2012
PÉTER,905,2012
RAJMUND,,2012
RENÁTÓ,,2012
RICHÁRD,318,2012
RIKÁRDÓ,203,2012
RÓBERT,288,2012
ROLAND,384,2012
RÓMEÓ,,2012
RUDOLF,,2012
SÁMUEL,,2012
SÁNDOR,350,2012
SEBESTYÉN,,2012
SIMON,91,2012
SOMA,118,2012
SZABOLCS,350,2012
SZEBASZTIÁN,119,2012
SZILÁRD,124,2012
SZILVESZTER,,2012
TAMÁS,822,2012
TIBOR,217,2012
VALENTIN,,2012
VENCEL,,2012
VIKTOR,243,2012
VILMOS,118,2012
VINCE,238,2012
ZALÁN,762,2012
ZÉNÓ,,2012
ZENTE,,2012
ZÉTÉNY,333,2012
ZOLTÁN,562,2012
ZSIGMOND,,2012
ZSOLT,426,2012
ZSOMBOR,780,2012
ÁBEL,278,2013
ÁDÁM,1150,2013
ADRIÁN,132,2013
ÁGOSTON,,2013
ÁKOS,522,2013
ALBERT,,2013
ALEX,328,2013
ALEXANDER,79,2013
ÁLMOS,,2013
ANDOR,,2013
ANDRÁS,528,2013
ANTAL,,2013
ARMAND,,2013
ÁRMIN,197,2013
ARNOLD,,2013
ÁRON,812,2013
ÁRPÁD,,2013
ATTILA,552,2013
BALÁZS,950,2013
BÁLINT,726,2013
BARNA,,2013
BARNABÁS,486,2013
BÉLA,87,2013
BENCE,1667,2013
BENDE,,2013
BENDEGÚZ,231,2013
BENEDEK,488,2013
BENETT,436,2013
BENJAMIN,175,2013
BENJÁMIN,225,2013
BERTALAN,108,2013
BOLDIZSÁR,144,2013
BOTOND,744,2013
BRÁJEN,,2013
BRENDON,141,2013
BULCSÚ,,2013
CSABA,379,2013
CSANÁD,126,2013
CSONGOR,161,2013
DÁNIEL,986,2013
DÁVID,1075,2013
DÉNES,110,2013
DENISZ,,2013
DEZSŐ,,2013
DOMINIK,998,2013
DOMONKOS,92,2013
DONÁT,86,2013
DORIÁN,,2013
ENDRE,,2013
ERIK,283,2013
ERNŐ,,2013
FÉLIX,,2013
FERENC,286,2013
FLÓRIÁN,95,2013
GÁBOR,556,2013
GELLÉRT,91,2013
GERGELY,257,2013
GERGŐ,835,2013
GÉZA,,2013
GYÖRGY,129,2013
GYULA,105,2013
HENRIK,,2013
HUBA,,2013
HUNOR,309,2013
IMRE,150,2013
ISTVÁN,460,2013
IVÁN,77,2013
JÁNOS,359,2013
JENŐ,,2013
JÓZSEF,323,2013
KÁLMÁN,,2013
KÁROLY,124,2013
KENDE,107,2013
KEVIN,419,2013
KOLOS,89,2013
KOPPÁNY,,2013
KORNÉL,265,2013
KRISTÓF,729,2013
KRISZTIÁN,455,2013
KRISZTOFER,180,2013
LAJOS,90,2013
LÁSZLÓ,655,2013
LEVENTE,1250,2013
LÓRÁNT,,2013
LŐRINC,79,2013
MARCELL,788,2013
MÁRIÓ,,2013
MÁRK,649,2013
MÁRKÓ,,2013
MARTIN,353,2013
MÁRTON,498,2013
MÁTÉ,1372,2013
MÁTYÁS,251,2013
MIHÁLY,199,2013
MIKLÓS,162,2013
MILÁN,894,2013
NÁNDOR,214,2013
NIKOLASZ,132,2013
NIMRÓD,352,2013
NOEL,696,2013
NOLEN,,2013
NORBERT,264,2013
OLIVÉR,678,2013
PÁL,,2013
PATRIK,411,2013
PÉTER,802,2013
RAJMUND,,2013
RENÁTÓ,,2013
RICHÁRD,320,2013
RIKÁRDÓ,193,2013
RÓBERT,301,2013
ROLAND,401,2013
RÓMEÓ,,2013
RUDOLF,,2013
SÁMUEL,,2013
SÁNDOR,335,2013
SEBESTYÉN,77,2013
SIMON,88,2013
SOMA,127,2013
SZABOLCS,323,2013
SZEBASZTIÁN,106,2013
SZILÁRD,77,2013
SZILVESZTER,,2013
TAMÁS,775,2013
TIBOR,204,2013
VALENTIN,,2013
VENCEL,,2013
VIKTOR,227,2013
VILMOS,92,2013
VINCE,245,2013
ZALÁN,745,2013
ZÉNÓ,,2013
ZENTE,98,2013
ZÉTÉNY,294,2013
ZOLTÁN,578,2013
ZSIGMOND,78,2013
ZSOLT,391,2013
ZSOMBOR,674,2013
ÁBEL,291,2014
ÁDÁM,1177,2014
ADRIÁN,139,2014
ÁGOSTON,,2014
ÁKOS,583,2014
ALBERT,,2014
ALEX,377,2014
ALEXANDER,103,2014
ÁLMOS,,2014
ANDOR,,2014
ANDRÁS,540,2014
ANTAL,,2014
ARMAND,,2014
ÁRMIN,222,2014
ARNOLD,88,2014
ÁRON,915,2014
ÁRPÁD,,2014
ATTILA,560,2014
BALÁZS,969,2014
BÁLINT,695,2014
BARNA,91,2014
BARNABÁS,473,2014
BÉLA,,2014
BENCE,1551,2014
BENDE,,2014
BENDEGÚZ,233,2014
BENEDEK,505,2014
BENETT,462,2014
BENJAMIN,180,2014
BENJÁMIN,227,2014
BERTALAN,112,2014
BOLDIZSÁR,136,2014
BOTOND,778,2014
BRÁJEN,,2014
BRENDON,159,2014
BULCSÚ,,2014
CSABA,365,2014
CSANÁD,117,2014
CSONGOR,174,2014
DÁNIEL,998,2014
DÁVID,1134,2014
DÉNES,119,2014
DENISZ,,2014
DEZSŐ,,2014
DOMINIK,917,2014
DOMONKOS,,2014
DONÁT,104,2014
DORIÁN,83,2014
ENDRE,,2014
ERIK,275,2014
ERNŐ,,2014
FÉLIX,,2014
FERENC,282,2014
FLÓRIÁN,83,2014
GÁBOR,520,2014
GELLÉRT,84,2014
GERGELY,251,2014
GERGŐ,754,2014
GÉZA,,2014
GYÖRGY,116,2014
GYULA,98,2014
HENRIK,,2014
HUBA,,2014
HUNOR,313,2014
IMRE,167,2014
ISTVÁN,473,2014
IVÁN,,2014
JÁNOS,396,2014
JENŐ,,2014
JÓZSEF,356,2014
KÁLMÁN,,2014
KÁROLY,84,2014
KENDE,148,2014
KEVIN,376,2014
KOLOS,86,2014
KOPPÁNY,,2014
KORNÉL,277,2014
KRISTÓF,839,2014
KRISZTIÁN,553,2014
KRISZTOFER,167,2014
LAJOS,111,2014
LÁSZLÓ,716,2014
LEVENTE,1241,2014
LÓRÁNT,,2014
LŐRINC,,2014
MARCELL,977,2014
MÁRIÓ,,2014
MÁRK,648,2014
MÁRKÓ,,2014
MARTIN,417,2014
MÁRTON,468,2014
MÁTÉ,1359,2014
MÁTYÁS,283,2014
MIHÁLY,214,2014
MIKLÓS,161,2014
MILÁN,924,2014
NÁNDOR,218,2014
NIKOLASZ,156,2014
NIMRÓD,391,2014
NOEL,843,2014
NOLEN,,2014
NORBERT,256,2014
OLIVÉR,654,2014
PÁL,81,2014
PATRIK,503,2014
PÉTER,834,2014
RAJMUND,,2014
RENÁTÓ,,2014
RICHÁRD,325,2014
RIKÁRDÓ,204,2014
RÓBERT,287,2014
ROLAND,372,2014
RÓMEÓ,,2014
RUDOLF,,2014
SÁMUEL,,2014
SÁNDOR,341,2014
SEBESTYÉN,,2014
SIMON,103,2014
SOMA,165,2014
SZABOLCS,288,2014
SZEBASZTIÁN,95,2014
SZILÁRD,101,2014
SZILVESZTER,,2014
TAMÁS,753,2014
TIBOR,210,2014
VALENTIN,,2014
VENCEL,,2014
VIKTOR,212,2014
VILMOS,129,2014
VINCE,255,2014
ZALÁN,848,2014
ZÉNÓ,82,2014
ZENTE,104,2014
ZÉTÉNY,365,2014
ZOLTÁN,649,2014
ZSIGMOND,92,2014
ZSOLT,412,2014
ZSOMBOR,672,2014
ÁBEL,296,2015
ÁDÁM,1137,2015
ADRIÁN,134,2015
ÁGOSTON,,2015
ÁKOS,512,2015
ALBERT,,2015
ALEX,312,2015
ALEXANDER,85,2015
ÁLMOS,,2015
ANDOR,,2015
ANDRÁS,533,2015
ANTAL,,2015
ARMAND,,2015
ÁRMIN,231,2015
ARNOLD,,2015
ÁRON,929,2015
ÁRPÁD,,2015
ATTILA,568,2015
BALÁZS,854,2015
BÁLINT,634,2015
BARNA,,2015
BARNABÁS,466,2015
BÉLA,,2015
BENCE,1689,2015
BENDE,,2015
BENDEGÚZ,248,2015
BENEDEK,516,2015
BENETT,498,2015
BENJAMIN,194,2015
BENJÁMIN,239,2015
BERTALAN,117,2015
BOLDIZSÁR,139,2015
BOTOND,762,2015
BRÁJEN,78,2015
BRENDON,167,2015
BULCSÚ,,2015
CSABA,362,2015
CSANÁD,128,2015
CSONGOR,165,2015
DÁNIEL,993,2015
DÁVID,1044,2015
DÉNES,121,2015
DENISZ,,2015
DEZSŐ,,2015
DOMINIK,1088,2015
DOMONKOS,91,2015
DONÁT,88,2015
DORIÁN,,2015
ENDRE,,2015
ERIK,298,2015
ERNŐ,,2015
FÉLIX,,2015
FERENC,283,2015
FLÓRIÁN,99,2015
GÁBOR,511,2015
GELLÉRT,102,2015
GERGELY,240,2015
GERGŐ,745,2015
GÉZA,,2015
GYÖRGY,125,2015
GYULA,96,2015
HENRIK,,2015
HUBA,,2015
HUNOR,362,2015
IMRE,165,2015
ISTVÁN,503,2015
IVÁN,,2015
JÁNOS,332,2015
JENŐ,,2015
JÓZSEF,361,2015
KÁLMÁN,,2015
KÁROLY,98,2015
KENDE,143,2015
KEVIN,373,2015
KOLOS,78,2015
KOPPÁNY,,2015
KORNÉL,301,2015
KRISTÓF,842,2015
KRISZTIÁN,452,2015
KRISZTOFER,164,2015
LAJOS,95,2015
LÁSZLÓ,682,2015
LEVENTE,1241,2015
LÓRÁNT,,2015
LŐRINC,,2015
MARCELL,1090,2015
MÁRIÓ,,2015
MÁRK,600,2015
MÁRKÓ,,2015
MARTIN,361,2015
MÁRTON,485,2015
MÁTÉ,1405,2015
MÁTYÁS,263,2015
MIHÁLY,237,2015
MIKLÓS,145,2015
MILÁN,982,2015
NÁNDOR,211,2015
NIKOLASZ,137,2015
NIMRÓD,428,2015
NOEL,928,2015
NOLEN,,2015
NORBERT,267,2015
OLIVÉR,671,2015
PÁL,89,2015
PATRIK,556,2015
PÉTER,802,2015
RAJMUND,,2015
RENÁTÓ,,2015
RICHÁRD,298,2015
RIKÁRDÓ,140,2015
RÓBERT,278,2015
ROLAND,352,2015
RÓMEÓ,,2015
RUDOLF,,2015
SÁMUEL,89,2015
SÁNDOR,317,2015
SEBESTYÉN,,2015
SIMON,106,2015
SOMA,150,2015
SZABOLCS,308,2015
SZEBASZTIÁN,90,2015
SZILÁRD,94,2015
SZILVESZTER,,2015
TAMÁS,727,2015
TIBOR,236,2015
VALENTIN,,2015
VENCEL,88,2015
VIKTOR,194,2015
VILMOS,92,2015
VINCE,307,2015
ZALÁN,819,2015
ZÉNÓ,89,2015
ZENTE,151,2015
ZÉTÉNY,384,2015
ZOLTÁN,579,2015
ZSIGMOND,,2015
ZSOLT,403,2015
ZSOMBOR,732,2015
ÁBEL,305,2016
ÁDÁM,1117,2016
ADRIÁN,105,2016
ÁGOSTON,,2016
ÁKOS,491,2016
ALBERT,,2016
ALEX,335,2016
ALEXANDER,101,2016
ÁLMOS,,2016
ANDOR,,2016
ANDRÁS,572,2016
ANTAL,,2016
ARMAND,,2016
ÁRMIN,219,2016
ARNOLD,,2016
ÁRON,873,2016
ÁRPÁD,,2016
ATTILA,569,2016
BALÁZS,856,2016
BÁLINT,615,2016
BARNA,,2016
BARNABÁS,502,2016
BÉLA,,2016
BENCE,1800,2016
BENDE,,2016
BENDEGÚZ,276,2016
BENEDEK,530,2016
BENETT,649,2016
BENJAMIN,163,2016
BENJÁMIN,235,2016
BERTALAN,126,2016
BOLDIZSÁR,124,2016
BOTOND,777,2016
BRÁJEN,,2016
BRENDON,189,2016
BULCSÚ,,2016
CSABA,297,2016
CSANÁD,110,2016
CSONGOR,174,2016
DÁNIEL,1054,2016
DÁVID,1123,2016
DÉNES,105,2016
DENISZ,,2016
DEZSŐ,,2016
DOMINIK,1173,2016
DOMONKOS,90,2016
DONÁT,86,2016
DORIÁN,,2016
ENDRE,,2016
ERIK,286,2016
ERNŐ,,2016
FÉLIX,78,2016
FERENC,297,2016
FLÓRIÁN,77,2016
GÁBOR,516,2016
GELLÉRT,90,2016
GERGELY,196,2016
GERGŐ,690,2016
GÉZA,,2016
GYÖRGY,119,2016
GYULA,112,2016
HENRIK,,2016
HUBA,,2016
HUNOR,319,2016
IMRE,146,2016
ISTVÁN,463,2016
IVÁN,,2016
JÁNOS,352,2016
JENŐ,,2016
JÓZSEF,329,2016
KÁLMÁN,,2016
KÁROLY,101,2016
KENDE,140,2016
KEVIN,333,2016
KOLOS,106,2016
KOPPÁNY,,2016
KORNÉL,317,2016
KRISTÓF,829,2016
KRISZTIÁN,450,2016
KRISZTOFER,144,2016
LAJOS,107,2016
LÁSZLÓ,720,2016
LEVENTE,1280,2016
LÓRÁNT,,2016
LŐRINC,,2016
MARCELL,1146,2016
MÁRIÓ,,2016
MÁRK,610,2016
MÁRKÓ,,2016
MARTIN,380,2016
MÁRTON,542,2016
MÁTÉ,1321,2016
MÁTYÁS,239,2016
MIHÁLY,232,2016
MIKLÓS,136,2016
MILÁN,1037,2016
NÁNDOR,206,2016
NIKOLASZ,169,2016
NIMRÓD,500,2016
NOEL,1071,2016
NOLEN,108,2016
NORBERT,286,2016
OLIVÉR,736,2016
PÁL,79,2016
PATRIK,516,2016
PÉTER,816,2016
RAJMUND,,2016
RENÁTÓ,,2016
RICHÁRD,298,2016
RIKÁRDÓ,135,2016
RÓBERT,286,2016
ROLAND,340,2016
RÓMEÓ,,2016
RUDOLF,,2016
SÁMUEL,89,2016
SÁNDOR,350,2016
SEBESTYÉN,,2016
SIMON,120,2016
SOMA,167,2016
SZABOLCS,263,2016
SZEBASZTIÁN,,2016
SZILÁRD,86,2016
SZILVESZTER,,2016
TAMÁS,703,2016
TIBOR,212,2016
VALENTIN,,2016
VENCEL,90,2016
VIKTOR,199,2016
VILMOS,150,2016
VINCE,303,2016
ZALÁN,877,2016
ZÉNÓ,90,2016
ZENTE,169,2016
ZÉTÉNY,403,2016
ZOLTÁN,588,2016
ZSIGMOND,,2016
ZSOLT,383,2016
ZSOMBOR,710,2016
ÁBEL,265,2017
ÁDÁM,1183,2017
ADRIÁN,106,2017
ÁGOSTON,,2017
ÁKOS,470,2017
ALBERT,,2017
ALEX,378,2017
ALEXANDER,107,2017
ÁLMOS,,2017
ANDOR,,2017
ANDRÁS,484,2017
ANTAL,,2017
ARMAND,,2017
ÁRMIN,213,2017
ARNOLD,,2017
ÁRON,856,2017
ÁRPÁD,,2017
ATTILA,528,2017
BALÁZS,807,2017
BÁLINT,612,2017
BARNA,,2017
BARNABÁS,503,2017
BÉLA,,2017
BENCE,1690,2017
BENDE,96,2017
BENDEGÚZ,210,2017
BENEDEK,542,2017
BENETT,573,2017
BENJAMIN,170,2017
BENJÁMIN,253,2017
BERTALAN,101,2017
BOLDIZSÁR,132,2017
BOTOND,869,2017
BRÁJEN,,2017
BRENDON,192,2017
BULCSÚ,,2017
CSABA,324,2017
CSANÁD,95,2017
CSONGOR,154,2017
DÁNIEL,1045,2017
DÁVID,1066,2017
DÉNES,108,2017
DENISZ,86,2017
DEZSŐ,,2017
DOMINIK,1145,2017
DOMONKOS,,2017
DONÁT,105,2017
DORIÁN,,2017
ENDRE,,2017
ERIK,278,2017
ERNŐ,,2017
FÉLIX,,2017
FERENC,261,2017
FLÓRIÁN,,2017
GÁBOR,441,2017
GELLÉRT,96,2017
GERGELY,191,2017
GERGŐ,620,2017
GÉZA,,2017
GYÖRGY,104,2017
GYULA,99,2017
HENRIK,,2017
HUBA,,2017
HUNOR,331,2017
IMRE,150,2017
ISTVÁN,468,2017
IVÁN,91,2017
JÁNOS,354,2017
JENŐ,,2017
JÓZSEF,339,2017
KÁLMÁN,,2017
KÁROLY,96,2017
KENDE,133,2017
KEVIN,293,2017
KOLOS,,2017
KOPPÁNY,,2017
KORNÉL,333,2017
KRISTÓF,805,2017
KRISZTIÁN,402,2017
KRISZTOFER,129,2017
LAJOS,110,2017
LÁSZLÓ,638,2017
LEVENTE,1209,2017
LÓRÁNT,,2017
LŐRINC,,2017
MARCELL,1154,2017
MÁRIÓ,,2017
MÁRK,651,2017
MÁRKÓ,,2017
MARTIN,390,2017
MÁRTON,437,2017
MÁTÉ,1321,2017
MÁTYÁS,245,2017
MIHÁLY,203,2017
MIKLÓS,140,2017
MILÁN,1028,2017
NÁNDOR,262,2017
NIKOLASZ,151,2017
NIMRÓD,604,2017
NOEL,1197,2017
NOLEN,146,2017
NORBERT,257,2017
OLIVÉR,850,2017
PÁL,82,2017
PATRIK,497,2017
PÉTER,721,2017
RAJMUND,,2017
RENÁTÓ,,2017
RICHÁRD,300,2017
RIKÁRDÓ,96,2017
RÓBERT,285,2017
ROLAND,349,2017
RÓMEÓ,,2017
RUDOLF,,2017
SÁMUEL,84,2017
SÁNDOR,323,2017
SEBESTYÉN,,2017
SIMON,127,2017
SOMA,201,2017
SZABOLCS,235,2017
SZEBASZTIÁN,,2017
SZILÁRD,105,2017
SZILVESZTER,,2017
TAMÁS,712,2017
TIBOR,173,2017
VALENTIN,,2017
VENCEL,91,2017
VIKTOR,189,2017
VILMOS,159,2017
VINCE,351,2017
ZALÁN,864,2017
ZÉNÓ,98,2017
ZENTE,241,2017
ZÉTÉNY,421,2017
ZOLTÁN,557,2017
ZSIGMOND,79,2017
ZSOLT,392,2017
ZSOMBOR,692,2017
